Model,Accuracy (%),AUC-ROC
Logistic Regression,74.0,0.8266225961538461
Random Forest,74.0,0.7955729166666666
SVM,73.5,0.7937199519230769
ANN (Deep Learning),72.50000238418579,0.7734375
KNN,67.0,0.7017227564102565
Decision Tree,64.5,0.6434294871794872
